sample_number,business_id,company_name,financial_period_start,financial_period_end,registration_date,revenue_eur,operating_profit_eur,profit_before_tax_eur,net_profit_eur,total_assets_eur,equity_eur,liabilities_eur,cash_and_bank_eur,operating_cash_flow_eur,investing_cash_flow_eur,dividends_paid_eur,fact_rows_in_csv,source_url
1,0100123-2,Oy Emar Ab,2025-06-01,2026-05-31,2026-06-30,106759.43,-76637.40,-75407.83,-75390.48,7227220.66,7204923.46,22297.20,365629.52,,,,72,https://avoindata.prh.fi/opendata-xbrl-api/v3/financial?businessId=0100123-2&financialDate=2026-05-31
2,0106659-7,Art House Oy,2025-01-01,2025-12-31,2026-06-30,713196.98,-55297.92,-59133.19,-59133.19,343799.85,42730.14,301069.71,673.91,,,,94,https://avoindata.prh.fi/opendata-xbrl-api/v3/financial?businessId=0106659-7&financialDate=2025-12-31
3,0110175-1,Koneteollisuus Oy,2024-10-01,2025-09-30,2025-12-19,6460585.21,861020.47,771062.56,58896.47,7289571.75,2209692.80,5079878.95,3079875.86,,,,116,https://avoindata.prh.fi/opendata-xbrl-api/v3/financial?businessId=0110175-1&financialDate=2025-09-30
4,0113024-5,Putkiyhtymä Oy,2024-01-01,2024-12-31,2025-07-15,9656273.08,129974.95,348049.05,315840.94,23052185.98,23041423.32,10762.66,589023.21,,,,104,https://avoindata.prh.fi/opendata-xbrl-api/v3/financial?businessId=0113024-5&financialDate=2024-12-31
5,0945992-6,Pudasjärven Puutarha Kukkahuone Oy,2024-10-01,2025-09-30,2026-07-09,253299.13,-358.46,520.85,-385.37,127290.67,97793.04,29497.63,60374.80,,,,104,https://avoindata.prh.fi/opendata-xbrl-api/v3/financial?businessId=0945992-6&financialDate=2025-09-30
6,0947114-0,Lahden Väriasemointi Oy,2025-03-01,2026-02-28,2026-09-09,35903.44,3537.44,856.58,856.58,30503.11,-91433.10,121936.21,206.59,,,,80,https://avoindata.prh.fi/opendata-xbrl-api/v3/financial?businessId=0947114-0&financialDate=2026-02-28
7,0948009-8,Oy Chic Catering Ab,2025-01-01,2025-12-31,2026-04-25,415949.23,31742.80,61131.70,48289.41,552349.83,462583.67,89766.16,5362.37,,,,100,https://avoindata.prh.fi/opendata-xbrl-api/v3/financial?businessId=0948009-8&financialDate=2025-12-31
8,0949268-9,Lapuan Jatepic Oy,2023-01-01,2023-12-31,2024-05-01,52.50,-3445.56,2973.03,2973.03,140579.41,140579.41,0.00,1313.39,,,,58,https://avoindata.prh.fi/opendata-xbrl-api/v3/financial?businessId=0949268-9&financialDate=2023-12-31
9,1890244-0,Nacka Invest Oy,2025-01-01,2025-12-31,2026-07-02,,17579.47,7281.06,5824.87,363221.28,162674.04,200547.24,6518.17,,,,82,https://avoindata.prh.fi/opendata-xbrl-api/v3/financial?businessId=1890244-0&financialDate=2025-12-31
10,1892111-5,Bergent Oy,2024-01-01,2024-12-31,2025-07-29,703574.00,-9315.87,-13728.74,-13728.74,195147.31,83687.62,111459.69,20031.78,,,,98,https://avoindata.prh.fi/opendata-xbrl-api/v3/financial?businessId=1892111-5&financialDate=2024-12-31
11,1896344-6,Proinno Oy,2024-07-01,2025-12-31,2026-08-28,146537.12,-80908.44,-59561.42,-59566.72,258061.20,243521.61,14539.59,9587.79,,,,98,https://avoindata.prh.fi/opendata-xbrl-api/v3/financial?businessId=1896344-6&financialDate=2025-12-31
12,1899403-1,Kiinteistö Oy Kuopion Kolmisopentie 18,2021-01-01,2021-12-31,2024-01-16,44099.16,-21496.08,29414.94,23531.94,358080.20,142224.50,215855.70,34705.99,,,,74,https://avoindata.prh.fi/opendata-xbrl-api/v3/financial?businessId=1899403-1&financialDate=2021-12-31
13,2322943-0,Vuokatinranta Oy,2025-01-01,2025-12-31,2026-05-28,,-16806.42,-16896.59,-16896.59,835681.81,23059.37,812622.44,19031.68,,,,78,https://avoindata.prh.fi/opendata-xbrl-api/v3/financial?businessId=2322943-0&financialDate=2025-12-31
14,2325071-5,LWK-Tekniikka Oy,2025-01-01,2025-12-31,2026-03-20,271327.45,22920.85,22346.37,22346.37,126925.17,37886.48,89038.69,9092.50,,,,92,https://avoindata.prh.fi/opendata-xbrl-api/v3/financial?businessId=2325071-5&financialDate=2025-12-31
15,2327074-0,Clearone Finland Oy,2025-01-01,2025-12-31,2026-01-29,52766.76,-2175.50,-2302.27,-2302.27,47946.21,45007.51,2938.70,36980.14,,,,78,https://avoindata.prh.fi/opendata-xbrl-api/v3/financial?businessId=2327074-0&financialDate=2025-12-31
16,2328418-1,EP:n Apuvälinekeskus Oy,2022-04-01,2023-03-31,2023-08-23,325987.15,57724.30,57743.48,46198.65,147111.48,132234.98,14876.50,60413.14,,,,94,https://avoindata.prh.fi/opendata-xbrl-api/v3/financial?businessId=2328418-1&financialDate=2023-03-31
17,2629656-7,FIREHORSE OY,2024-07-01,2025-06-30,2025-10-08,286690.27,38630.27,38629.79,38629.79,72940.62,12535.12,60405.50,23738.60,,,,82,https://avoindata.prh.fi/opendata-xbrl-api/v3/financial?businessId=2629656-7&financialDate=2025-06-30
18,2631319-5,Kasin Consulting Oy,2025-01-01,2025-12-31,2026-07-02,44615.63,2747.40,2931.90,1956.41,69871.21,63884.49,5986.72,7519.99,,,,70,https://avoindata.prh.fi/opendata-xbrl-api/v3/financial?businessId=2631319-5&financialDate=2025-12-31
19,2632476-7,Kalusto & Palvelu Laine Oy,2025-01-01,2025-12-31,2026-04-11,6881.50,-5083.17,-5083.47,-4759.03,53227.14,53214.82,12.32,1596.66,,,,62,https://avoindata.prh.fi/opendata-xbrl-api/v3/financial?businessId=2632476-7&financialDate=2025-12-31
20,2634259-4,Asianajotoimisto Ferenda Oy,2022-01-01,2022-12-31,2023-04-04,1141000.10,103499.79,103781.34,82532.98,447673.19,257649.52,190023.67,227726.58,,,,94,https://avoindata.prh.fi/opendata-xbrl-api/v3/financial?businessId=2634259-4&financialDate=2022-12-31
21,2859259-7,Ponsor Invest Oy,2025-01-01,2025-12-31,2026-01-31,111764.68,-852.77,-6278.27,-6278.27,129244.82,49223.41,80021.41,18270.50,,,,78,https://avoindata.prh.fi/opendata-xbrl-api/v3/financial?businessId=2859259-7&financialDate=2025-12-31
22,2859618-4,Haataja Invest Oy,2022-04-01,2023-03-31,2023-07-27,35242.92,1547.01,1175.81,937.82,50304.96,16926.80,33378.16,7317.99,,,,98,https://avoindata.prh.fi/opendata-xbrl-api/v3/financial?businessId=2859618-4&financialDate=2023-03-31
23,2860564-2,Kiinteistöosakeyhtiö Tallinmonttu,2025-01-01,2025-12-31,2026-04-30,56636.80,21130.30,21130.30,17126.24,98551.87,88153.74,10398.13,60385.86,,,,60,https://avoindata.prh.fi/opendata-xbrl-api/v3/financial?businessId=2860564-2&financialDate=2025-12-31
24,2861451-4,Primor Services Oy,2022-01-01,2022-12-31,2023-04-27,0.00,-7083.11,-10464.57,-10464.57,12379.34,-67772.64,80151.98,,,,,72,https://avoindata.prh.fi/opendata-xbrl-api/v3/financial?businessId=2861451-4&financialDate=2022-12-31
25,3095006-6,Nerdsbay Oy Ltd,2022-01-01,2022-12-31,2023-05-18,141542.57,27498.37,27454.60,21921.18,46989.34,25449.78,21539.56,34030.55,,,,74,https://avoindata.prh.fi/opendata-xbrl-api/v3/financial?businessId=3095006-6&financialDate=2022-12-31
26,3095737-2,Eliano clean Oy,2025-01-01,2025-12-31,2026-05-14,293872.08,30749.70,27375.50,25464.08,89225.32,32960.05,56265.27,22484.38,,,,90,https://avoindata.prh.fi/opendata-xbrl-api/v3/financial?businessId=3095737-2&financialDate=2025-12-31
27,3096230-7,RMO - Rakennus Oy,2024-01-01,2024-12-31,2025-05-14,139359.96,-5114.99,-8173.50,-8173.50,20793.25,-23681.74,44474.99,633.23,,,,86,https://avoindata.prh.fi/opendata-xbrl-api/v3/financial?businessId=3096230-7&financialDate=2024-12-31
28,3097052-6,NY Group Ab Oy,2023-01-01,2023-12-31,2024-08-23,425824.25,-51417.30,-98063.48,-98063.48,241514.33,-104178.28,345692.61,1929.24,,,,110,https://avoindata.prh.fi/opendata-xbrl-api/v3/financial?businessId=3097052-6&financialDate=2023-12-31
29,3198654-6,Intelligent Solutions Finland Oy,2021-03-18,2022-08-31,2023-05-12,1415512.33,186135.43,186052.31,139751.98,327289.76,139751.98,187537.78,66900.15,,,,38,https://avoindata.prh.fi/opendata-xbrl-api/v3/financial?businessId=3198654-6&financialDate=2022-08-31
30,3199106-2,Kajaanin kuntouttava kotihoito Oy,2025-01-01,2025-12-31,2026-06-16,320228.07,5612.30,5358.99,4499.69,82153.23,29617.90,52535.33,65289.33,,,,86,https://avoindata.prh.fi/opendata-xbrl-api/v3/financial?businessId=3199106-2&financialDate=2025-12-31
31,3199708-5,Healthcore Oy,2024-09-01,2025-08-31,2026-01-16,205011.77,95800.67,93910.57,76336.19,247450.24,239127.75,8322.49,4914.00,,,,88,https://avoindata.prh.fi/opendata-xbrl-api/v3/financial?businessId=3199708-5&financialDate=2025-08-31
32,3200095-3,Germstar Finland Oy,2025-01-01,2025-12-31,2026-04-28,,-384.46,-384.46,-384.46,7148.13,6771.63,376.50,0.00,,,,34,https://avoindata.prh.fi/opendata-xbrl-api/v3/financial?businessId=3200095-3&financialDate=2025-12-31
33,3318862-8,Spottio Indoor Solutions Oy,2025-01-01,2025-12-31,2026-06-30,,-153088.32,-160404.43,-160404.43,33429.41,-394015.15,427444.56,6726.72,,,,80,https://avoindata.prh.fi/opendata-xbrl-api/v3/financial?businessId=3318862-8&financialDate=2025-12-31
34,3319310-1,Päivärinteen Palvelut Oy,2024-11-01,2025-10-31,2026-03-21,311998.23,45064.38,40446.78,32347.18,167258.30,67384.92,99873.38,31359.20,,,,94,https://avoindata.prh.fi/opendata-xbrl-api/v3/financial?businessId=3319310-1&financialDate=2025-10-31
35,3319841-2,Pesuhalli Seinäjoki Oy,2025-01-01,2025-12-31,2026-03-03,75616.27,19082.44,15461.26,15461.26,63449.39,-118.85,63568.24,16057.27,,,,74,https://avoindata.prh.fi/opendata-xbrl-api/v3/financial?businessId=3319841-2&financialDate=2025-12-31
36,3320257-3,Ab Dahl Capital Oy,2022-09-28,2022-12-31,2023-03-15,,,,,,,,,,,,0,
37,3546837-5,Monityö Aaltonen Oy,2025-06-26,2025-12-31,2026-06-26,10340.85,2787.19,2787.19,2229.75,7514.12,2229.75,5284.37,7514.12,,,,20,https://avoindata.prh.fi/opendata-xbrl-api/v3/financial?businessId=3546837-5&financialDate=2025-12-31
38,3554115-7,Niilka Laki Oy,2025-08-01,2025-12-31,2026-02-25,,55833.70,54885.32,43855.49,159300.76,53855.49,105445.27,64279.50,,,,36,https://avoindata.prh.fi/opendata-xbrl-api/v3/financial?businessId=3554115-7&financialDate=2025-12-31
39,3563172-6,Uurre Logistics Oy,2025-09-08,2025-12-31,2026-07-14,,-1309.44,-1321.79,-1321.79,218.21,-1321.79,1540.00,24.10,,,,21,https://avoindata.prh.fi/opendata-xbrl-api/v3/financial?businessId=3563172-6&financialDate=2025-12-31
40,3576346-2,Kukkakioski Kaunokki Oy,2025-11-01,2025-12-31,2026-03-26,16601.69,-6065.03,-6065.03,-6065.03,55809.07,-6065.03,61874.10,23933.85,,,,35,https://avoindata.prh.fi/opendata-xbrl-api/v3/financial?businessId=3576346-2&financialDate=2025-12-31
